{"accuracy": [0.294156938791275, 0.5224540829658508, 0.636811375617981, 0.6949916481971741, 0.7446577548980713, 0.7868947982788086, 0.8207846283912659, 0.849833071231842, 0.873622715473175, 0.889398992061615, 0.9157763123512268, 0.9270450472831726, 0.9390650987625122, 0.941986620426178, 0.9519198536872864, 0.9616026878356934, 0.9628547430038452, 0.9706177115440369, 0.97120201587677, 0.9727045297622681, 0.9732888340950012, 0.9806343913078308, 0.9776293635368347, 0.9784641265869141, 0.984557569026947, 0.9824708104133606, 0.977712869644165, 0.9839732646942139, 0.9918196797370911, 0.9762938022613525], "loss": [1.9203904867172241, 1.3462742567062378, 1.057779312133789, 0.8857946991920471, 0.7598662376403809, 0.6375378966331482, 0.5330948233604431, 0.44894346594810486, 0.3755757510662079, 0.32782185077667236, 0.2520291805267334, 0.22120322287082672, 0.1834743469953537, 0.17874795198440552, 0.1468082219362259, 0.11399003118276596, 0.1155843660235405, 0.08792024850845337, 0.08930793404579163, 0.08473211526870728, 0.08235539495944977, 0.06059282273054123, 0.068658746778965, 0.06619081646203995, 0.04873255267739296, 0.05485935136675835, 0.06782679259777069, 0.04784700646996498, 0.025769131258130074, 0.07805205881595612], "val_accuracy": [0.47312188148498535, 0.5769615769386292, 0.6908180117607117, 0.7171953320503235, 0.7575960159301758, 0.7809683084487915, 0.7889816164970398, 0.8240400552749634, 0.8464106917381287, 0.8457428812980652, 0.8594323992729187, 0.8611018657684326, 0.8681135177612305, 0.886811375617981, 0.8801335692405701, 0.885141909122467, 0.8864774703979492, 0.8804674744606018, 0.8841402530670166, 0.8981636166572571, 0.899833083152771, 0.8981636166572571, 0.8914858102798462, 0.8861435651779175, 0.8954924941062927, 0.8854758143424988, 0.8991652727127075, 0.8814691305160522, 0.8504173755645752, 0.9161936640739441], "val_loss": [1.5095419883728027, 1.2156997919082642, 0.9317057728767395, 0.8342161774635315, 0.708569347858429, 0.6656443476676941, 0.6421422362327576, 0.5520681738853455, 0.46595823764801025, 0.4822959005832672, 0.46980518102645874, 0.44173362851142883, 0.4813511073589325, 0.3751145303249359, 0.45142731070518494, 0.4313218891620636, 0.3950663208961487, 0.4610469341278076, 0.4344661235809326, 0.4345202147960663, 0.40357810258865356, 0.4507892429828644, 0.45230990648269653, 0.4490705132484436, 0.43922752141952515, 0.5142254829406738, 0.37987250089645386, 0.5074828863143921, 0.7144135236740112, 0.3645212650299072]}